Date,Egg Count,Notes
"04/09/2025",16,"Warmer weather"
"04/10/2025",17,"Strong spring production"
"04/11/2025",15,"Consistent"
"04/12/2025",16,"Improving after winter"
"04/13/2025",18,"Spring ramp up"
"04/14/2025",14,"Recovery continues"
"04/15/2025",17,"Warmer weather"
"04/16/2025",16,"Strong spring production"
"04/17/2025",15,"Consistent"
"04/18/2025",17,"Improving after winter"
"04/19/2025",16,"Spring ramp up"
"04/20/2025",18,"Recovery continues"
"04/21/2025",15,"Warmer weather"
"04/22/2025",16,"Strong spring production"
"04/23/2025",17,"Consistent"
"04/24/2025",14,"Improving after winter"
"04/25/2025",16,"Spring ramp up"
"04/26/2025",17,"Recovery continues"
"04/27/2025",15,"Warmer weather"
"04/28/2025",16,"Strong spring production"
"04/29/2025",18,"Consistent"
"04/30/2025",14,"Improving after winter"
"05/01/2025",17,"Very strong"
"05/02/2025",16,"Healthy flock"
"05/03/2025",15,"Steady day"
"05/04/2025",17,"Good production"
"05/05/2025",16,"Consistent"
"05/06/2025",18,"Normal output"
"05/07/2025",15,"Solid laying"
"05/08/2025",16,"Very strong"
"05/09/2025",17,"Healthy flock"
"05/10/2025",14,"Steady day"
"05/11/2025",16,"Good production"
"05/12/2025",17,"Consistent"
"05/13/2025",15,"Normal output"
"05/14/2025",16,"Solid laying"
"05/15/2025",18,"Very strong"
"05/16/2025",14,"Healthy flock"
"05/17/2025",17,"Steady day"
"05/18/2025",16,"Good production"
"05/19/2025",15,"Consistent"
"05/20/2025",17,"Normal output"
"05/21/2025",16,"Solid laying"
"05/22/2025",18,"Very strong"
"05/23/2025",15,"Healthy flock"
"05/24/2025",16,"Steady day"
"05/25/2025",17,"Good production"
"05/26/2025",14,"Consistent"
"05/27/2025",16,"Normal output"
"05/28/2025",17,"Solid laying"
"05/29/2025",15,"Very strong"
"05/30/2025",16,"Healthy flock"
"05/31/2025",18,"Steady day"
"06/01/2025",16,"Very strong"
"06/02/2025",17,"Strong production"
"06/03/2025",16,"Sunny day boost"
"06/04/2025",17,"Excellent production"
"06/05/2025",19,"Consistent output"
"06/06/2025",15,"Near peak"
"06/07/2025",18,"Very strong"
"06/08/2025",17,"Strong production"
"06/09/2025",16,"Sunny day boost"
"06/10/2025",18,"Excellent production"
"06/11/2025",17,"Consistent output"
"06/12/2025",19,"Near peak"
"06/13/2025",16,"Very strong"
"06/14/2025",17,"Strong production"
"06/15/2025",18,"Sunny day boost"
"06/16/2025",15,"Excellent production"
"06/17/2025",17,"Consistent output"
"06/18/2025",18,"Near peak"
"06/19/2025",16,"Very strong"
"06/20/2025",17,"Strong production"
"06/21/2025",19,"Sunny day boost"
"06/22/2025",15,"Excellent production"
"06/23/2025",18,"Consistent output"
"06/24/2025",17,"Near peak"
"06/25/2025",16,"Very strong"
"06/26/2025",18,"Strong production"
"06/27/2025",17,"Sunny day boost"
"06/28/2025",19,"Excellent production"
"06/29/2025",16,"Consistent output"
"06/30/2025",17,"Near peak"
"07/01/2025",15,"Summer heat"
"07/02/2025",16,"Slight heat dip"
"07/03/2025",14,"Hot but steady"
"07/04/2025",15,"Heat impact"
"07/05/2025",17,"Summer slowdown"
"07/06/2025",13,"Warm weather"
"07/07/2025",16,"Summer heat"
"07/08/2025",15,"Slight heat dip"
"07/09/2025",14,"Hot but steady"
"07/10/2025",16,"Heat impact"
"07/11/2025",15,"Summer slowdown"
"07/12/2025",17,"Warm weather"
"07/13/2025",14,"Summer heat"
"07/14/2025",15,"Slight heat dip"
"07/15/2025",16,"Hot but steady"
"07/16/2025",12,"Heat impact"
"07/17/2025",14,"Summer slowdown"
"07/18/2025",15,"Warm weather"
"07/19/2025",13,"Summer heat"
"07/20/2025",14,"Slight heat dip"
"07/21/2025",16,"Hot but steady"
"07/22/2025",12,"Heat impact"
"07/23/2025",15,"Summer slowdown"
"07/24/2025",14,"Warm weather"
"07/25/2025",13,"Summer heat"
"07/26/2025",15,"Slight heat dip"
"07/27/2025",14,"Hot but steady"
"07/28/2025",16,"Heat impact"
"07/29/2025",13,"Summer slowdown"
"07/30/2025",14,"Warm weather"
"07/31/2025",15,"Summer heat"
"08/01/2025",13,"Slight heat dip"
"08/02/2025",14,"Summer slowdown"
"08/03/2025",12,"Warm weather"
"08/04/2025",13,"Summer heat"
"08/05/2025",15,"Slight heat dip"
"08/06/2025",11,"Hot but steady"
"08/07/2025",14,"Heat impact"
"08/08/2025",13,"Summer slowdown"
"08/09/2025",12,"Warm weather"
"08/10/2025",14,"Summer heat"
"08/11/2025",13,"Slight heat dip"
"08/12/2025",15,"Hot but steady"
"08/13/2025",12,"Heat impact"
"08/14/2025",13,"Summer slowdown"
"08/15/2025",14,"Warm weather"
"08/16/2025",11,"Summer heat"
"08/17/2025",13,"Slight heat dip"
"08/18/2025",14,"Hot but steady"
"08/19/2025",12,"Heat impact"
"08/20/2025",16,"Slight heat dip"
"08/21/2025",15,"Warm weather"
"08/22/2025",16,"Summer slowdown"
"08/23/2025",18,"Hot but steady"
"08/24/2025",14,"Heat impact"
"08/25/2025",17,"Summer heat"
"08/26/2025",16,"Slight heat dip"
"08/27/2025",15,"Warm weather"
"08/28/2025",17,"Summer slowdown"
"08/29/2025",16,"Hot but steady"
"08/30/2025",18,"Heat impact"
"08/31/2025",15,"Summer heat"
"09/01/2025",17,"Sunny day boost"
"09/02/2025",18,"Near peak"
"09/03/2025",16,"Excellent production"
"09/04/2025",17,"Consistent output"
"09/05/2025",19,"Strong production"
"09/06/2025",15,"Very strong"
"09/07/2025",18,"Sunny day boost"
"09/08/2025",17,"Near peak"
"09/09/2025",16,"Excellent production"
"09/10/2025",18,"Consistent output"
"09/11/2025",17,"Strong production"
"09/12/2025",19,"Very strong"
"09/13/2025",16,"Sunny day boost"
"09/14/2025",17,"Near peak"
"09/15/2025",18,"Excellent production"
"09/16/2025",15,"Consistent output"
"09/17/2025",17,"Strong production"
"09/18/2025",18,"Very strong"
"09/19/2025",16,"Sunny day boost"
"09/20/2025",17,"Near peak"
"09/21/2025",19,"Excellent production"
"09/22/2025",15,"Consistent output"
"09/23/2025",18,"Strong production"
"09/24/2025",17,"Very strong"
"09/25/2025",16,"Sunny day boost"
"09/26/2025",18,"Near peak"
"09/27/2025",17,"Excellent production"
"09/28/2025",19,"Consistent output"
"09/29/2025",16,"Strong production"
"09/30/2025",17,"Very strong"
"10/01/2025",15,"Cooling weather"
"10/02/2025",16,"Strong fall output"
"10/03/2025",14,"Good production"
"10/04/2025",15,"Stable output"
"10/05/2025",17,"Picking up"
"10/06/2025",13,"Consistent"
"10/07/2025",16,"Cooling weather"
"10/08/2025",15,"Strong fall output"
"10/09/2025",14,"Good production"
"10/10/2025",16,"Stable output"
"10/11/2025",15,"Picking up"
"10/12/2025",17,"Consistent"
"10/13/2025",14,"Cooling weather"
"10/14/2025",15,"Strong fall output"
"10/15/2025",16,"Good production"
"10/16/2025",13,"Stable output"
"10/17/2025",15,"Picking up"
"10/18/2025",16,"Consistent"
"10/19/2025",14,"Cooling weather"
"10/20/2025",15,"Strong fall output"
"10/21/2025",17,"Good production"
"10/22/2025",13,"Stable output"
"10/23/2025",16,"Picking up"
"10/24/2025",15,"Consistent"
"10/25/2025",14,"Cooling weather"
"10/26/2025",16,"Strong fall output"
"10/27/2025",15,"Good production"
"10/28/2025",17,"Stable output"
"10/29/2025",14,"Picking up"
"10/30/2025",15,"Consistent"
"10/31/2025",16,"Cooling weather"
"11/01/2025",12,"Good production"
"11/02/2025",13,"Stable output"
"11/03/2025",11,"Picking up"
"11/04/2025",12,"Consistent"
"11/05/2025",14,"Cooling weather"
"11/06/2025",10,"Strong fall output"
"11/07/2025",13,"Good production"
"11/08/2025",12,"Stable output"
"11/09/2025",11,"Picking up"
"11/10/2025",13,"Consistent"
"11/11/2025",12,"Cooling weather"
"11/12/2025",14,"Strong fall output"
"11/13/2025",11,"Good production"
"11/14/2025",12,"Stable output"
"11/15/2025",13,"Picking up"
"11/16/2025",10,"Consistent"
"11/17/2025",12,"Cooling weather"
"11/18/2025",13,"Strong fall output"
"11/19/2025",11,"Good production"
"11/20/2025",12,"Stable output"
"11/21/2025",14,"Picking up"
"11/22/2025",10,"Consistent"
"11/23/2025",13,"Cooling weather"
"11/24/2025",12,"Strong fall output"
"11/25/2025",11,"Good production"
"11/26/2025",13,"Stable output"
"11/27/2025",12,"Picking up"
"11/28/2025",14,"Consistent"
"11/29/2025",11,"Cooling weather"
"11/30/2025",12,"Strong fall output"
"12/01/2025",9,"Winter low"
"12/02/2025",10,"Still recovering"
"12/03/2025",8,"Low daylight"
"12/04/2025",9,"Cold weather"
"12/05/2025",11,"Very cold"
"12/06/2025",7,"Slow season"
"12/07/2025",10,"Winter low"
"12/08/2025",9,"Still recovering"
"12/09/2025",8,"Low daylight"
"12/10/2025",10,"Cold weather"
"12/11/2025",9,"Very cold"
"12/12/2025",11,"Slow season"
"12/13/2025",8,"Winter low"
"12/14/2025",9,"Still recovering"
"12/15/2025",10,"Low daylight"
"12/16/2025",7,"Cold weather"
"12/17/2025",9,"Very cold"
"12/18/2025",10,"Slow season"
"12/19/2025",8,"Winter low"
"12/20/2025",9,"Still recovering"
"12/21/2025",11,"Low daylight"
"12/22/2025",7,"Cold weather"
"12/23/2025",10,"Very cold"
"12/24/2025",9,"Slow season"
"12/25/2025",8,"Winter low"
"12/26/2025",10,"Still recovering"
"12/27/2025",9,"Low daylight"
"12/28/2025",11,"Cold weather"
"12/29/2025",8,"Very cold"
"12/30/2025",9,"Slow season"
"12/31/2025",10,"Winter low"
"01/01/2026",7,"Winter low"
"01/02/2026",8,"Still recovering"
"01/03/2026",6,"Low daylight"
"01/04/2026",7,"Cold weather"
"01/05/2026",9,"Very cold"
"01/06/2026",6,"Slow season"
"01/07/2026",8,"Winter low"
"01/08/2026",7,"Still recovering"
"01/09/2026",6,"Low daylight"
"01/10/2026",8,"Cold weather"
"01/11/2026",7,"Very cold"
"01/12/2026",9,"Slow season"
"01/13/2026",6,"Winter low"
"01/14/2026",7,"Still recovering"
"01/15/2026",8,"Low daylight"
"01/16/2026",6,"Cold weather"
"01/17/2026",7,"Very cold"
"01/18/2026",8,"Slow season"
"01/19/2026",6,"Winter low"
"01/20/2026",7,"Still recovering"
"01/21/2026",9,"Low daylight"
"01/22/2026",6,"Cold weather"
"01/23/2026",8,"Very cold"
"01/24/2026",7,"Slow season"
"01/25/2026",6,"Winter low"
"01/26/2026",8,"Still recovering"
"01/27/2026",7,"Low daylight"
"01/28/2026",9,"Cold weather"
"01/29/2026",6,"Very cold"
"01/30/2026",7,"Slow season"
"01/31/2026",8,"Winter low"
"02/01/2026",8,"Cold weather"
"02/02/2026",9,"Winter low"
"02/03/2026",7,"Still recovering"
"02/04/2026",8,"Low daylight"
"02/05/2026",10,"Cold weather"
"02/06/2026",6,"Very cold"
"02/07/2026",9,"Slow season"
"02/08/2026",8,"Winter low"
"02/09/2026",7,"Still recovering"
"02/10/2026",9,"Low daylight"
"02/11/2026",8,"Cold weather"
"02/12/2026",10,"Very cold"
"02/13/2026",7,"Slow season"
"02/14/2026",8,"Winter low"
"02/15/2026",11,"Cold weather"
"02/16/2026",10,"Winter low"
"02/17/2026",9,"Still recovering"
"02/18/2026",11,"Low daylight"
"02/19/2026",10,"Cold weather"
"02/20/2026",12,"Very cold"
"02/21/2026",9,"Slow season"
"02/22/2026",10,"Winter low"
"02/23/2026",11,"Still recovering"
"02/24/2026",8,"Low daylight"
"02/25/2026",10,"Cold weather"
"02/26/2026",11,"Very cold"
"02/27/2026",9,"Slow season"
"02/28/2026",10,"Winter low"
"03/01/2026",13,"Warmer weather"
"03/02/2026",14,"Strong spring production"
"03/03/2026",12,"Consistent"
"03/04/2026",13,"Improving after winter"
"03/05/2026",15,"Spring ramp up"
"03/06/2026",11,"Recovery continues"
"03/07/2026",14,"Warmer weather"
"03/08/2026",13,"Strong spring production"
"03/09/2026",12,"Consistent"
"03/10/2026",14,"Improving after winter"
"03/11/2026",14,"Strong spring production"
"03/12/2026",16,"Consistent"
"03/13/2026",13,"Improving after winter"
"03/14/2026",14,"Spring ramp up"
"03/15/2026",15,"Recovery continues"
"03/16/2026",12,"Warmer weather"
"03/17/2026",14,"Strong spring production"
"03/18/2026",15,"Consistent"
"03/19/2026",13,"Improving after winter"
"03/20/2026",14,"Spring ramp up"
"03/21/2026",16,"Recovery continues"
"03/22/2026",12,"Warmer weather"
"03/23/2026",15,"Strong spring production"
"03/24/2026",14,"Consistent"
"03/25/2026",13,"Improving after winter"
"03/26/2026",15,"Spring ramp up"
"03/27/2026",14,"Recovery continues"
"03/28/2026",16,"Warmer weather"
"03/29/2026",13,"Strong spring production"
"03/30/2026",14,"Consistent"
"03/31/2026",15,"Improving after winter"
"04/01/2026",17,"Recovery continues"
"04/02/2026",18,"Warmer weather"
"04/03/2026",16,"Warmer weather"
"04/04/2026",17,"Strong spring production"
"04/05/2026",18,"Consistent"
"04/06/2026",17,"Recovery continues"
"04/07/2026",19,"Warmer weather"
"04/08/2026",16,"Warmer weather"
"04/09/2026",17,"Strong spring production"
